algorithm,seed,reference_productivity,reference_process_yield,HV
NSGA2,2,0.0,0.0,0.3572124577876334
NSGA2,2,0.05,0.02,0.3183450313449814
NSGA2,2,0.1,0.05,0.27138650577407836
NSGA2,2,0.2,0.1,0.19556055376052295
NSGA2,3,0.0,0.0,0.35722747574199115
NSGA2,3,0.05,0.02,0.31836250193528026
NSGA2,3,0.1,0.05,0.27140769144171756
NSGA2,3,0.2,0.1,0.19558790714144428
NSGA2,5,0.0,0.0,0.35702101272816655
NSGA2,5,0.05,0.02,0.3181745390249729
NSGA2,5,0.1,0.05,0.27124711859940753
NSGA2,5,0.2,0.1,0.19547322447064855
NSGA2,7,0.0,0.0,0.35715351316910393
NSGA2,7,0.05,0.02,0.31828802339415363
NSGA2,7,0.1,0.05,0.27133255908714443
NSGA2,7,0.2,0.1,0.19551160500518447
NSGA2,11,0.0,0.0,0.35720795514440745
NSGA2,11,0.05,0.02,0.318341012817826
NSGA2,11,0.1,0.05,0.2713824896515155
NSGA2,11,0.2,0.1,0.1955570241586233
NSGA2,13,0.0,0.0,0.3571919831818858
NSGA2,13,0.05,0.02,0.3183373808255318
NSGA2,13,0.1,0.05,0.27139153867065635
NSGA2,13,0.2,0.1,0.19559109415942727
NSGA2,17,0.0,0.0,0.35717743304691385
NSGA2,17,0.05,0.02,0.3183102324248042
NSGA2,17,0.1,0.05,0.27135249228843794
NSGA2,17,0.2,0.1,0.19552755152996168
NSGA2,19,0.0,0.0,0.3572026022754441
NSGA2,19,0.05,0.02,0.31833939906815456
NSGA2,19,0.1,0.05,0.271385170300952
NSGA2,19,0.2,0.1,0.19556773832646016
NSGA2,23,0.0,0.0,0.3569574636114743
NSGA2,23,0.05,0.02,0.3181158496272968
NSGA2,23,0.1,0.05,0.2711879366481959
NSGA2,23,0.2,0.1,0.19541840968491772
NSGA2,29,0.0,0.0,0.3571383103672753
NSGA2,29,0.05,0.02,0.31828545186993656
NSGA2,29,0.1,0.05,0.2713436682317175
NSGA2,29,0.2,0.1,0.1955490260961594
NSGA2,31,0.0,0.0,0.3571074977970952
NSGA2,31,0.05,0.02,0.3182531438383839
NSGA2,31,0.1,0.05,0.2713107339050802
NSGA2,31,0.2,0.1,0.19551397001306522
NSGA2,37,0.0,0.0,0.3571783552905158
NSGA2,37,0.05,0.02,0.3183130556536615
NSGA2,37,0.1,0.05,0.2713581357035705
NSGA2,37,0.2,0.1,0.19553791611662535
NSGA2,41,0.0,0.0,0.357200930036424
NSGA2,41,0.05,0.02,0.3183323463011776
NSGA2,41,0.1,0.05,0.27137216518847584
NSGA2,41,0.2,0.1,0.19554340034052825
NSGA2,43,0.0,0.0,0.35692680332637183
NSGA2,43,0.05,0.02,0.3180995422450397
NSGA2,43,0.1,0.05,0.27119977654853805
NSGA2,43,0.2,0.1,0.19547274977070428
NSGA2,47,0.0,0.0,0.3560416087514653
NSGA2,47,0.05,0.02,0.31731738914681673
NSGA2,47,0.1,0.05,0.27054444063546096
NSGA2,47,0.2,0.1,0.19504727251945678
NSGA2,53,0.0,0.0,0.3563704024985167
NSGA2,53,0.05,0.02,0.3176289043172204
NSGA2,53,0.1,0.05,0.27080514603665057
NSGA2,53,0.2,0.1,0.19523988957478403
NSGA2,59,0.0,0.0,0.35655220603130006
NSGA2,59,0.05,0.02,0.3177485582544899
NSGA2,59,0.1,0.05,0.2708856198402325
NSGA2,59,0.2,0.1,0.19521903364916524
NSGA2,61,0.0,0.0,0.3564662398877376
NSGA2,61,0.05,0.02,0.3176735651600422
NSGA2,61,0.1,0.05,0.2708275539193076
NSGA2,61,0.2,0.1,0.19518886795087753
NSGA2,67,0.0,0.0,0.3570414385633621
NSGA2,67,0.05,0.02,0.3182057738003787
NSGA2,67,0.1,0.05,0.27128335562172134
NSGA2,67,0.2,0.1,0.1955252726800803
NSGA2,71,0.0,0.0,0.35484621043418213
NSGA2,71,0.05,0.02,0.3162058283645407
NSGA2,71,0.1,0.05,0.2695882790777849
NSGA2,71,0.2,0.1,0.19433034772138758
NSGA2,73,0.0,0.0,0.3572574828735802
NSGA2,73,0.05,0.02,0.31838980489982854
NSGA2,73,0.1,0.05,0.2714309982036857
NSGA2,73,0.2,0.1,0.19560451353379096
NSGA2,79,0.0,0.0,0.3568992391762322
NSGA2,79,0.05,0.02,0.31806020723845657
NSGA2,79,0.1,0.05,0.27113976572227666
NSGA2,79,0.2,0.1,0.19538029226832124
NSGA2,83,0.0,0.0,0.35725165596158254
NSGA2,83,0.05,0.02,0.31838319905901186
NSGA2,83,0.1,0.05,0.2714232560748103
NSGA2,83,0.2,0.1,0.1955948561880377
NSGA2,89,0.0,0.0,0.3569006792058147
NSGA2,89,0.05,0.02,0.3180804135531457
NSGA2,89,0.1,0.05,0.27117791234220207
NSGA2,89,0.2,0.1,0.19545514547858925
NSGA2,97,0.0,0.0,0.35574423367969477
NSGA2,97,0.05,0.02,0.31702388527855146
NSGA2,97,0.1,0.05,0.2702813126435245
NSGA2,97,0.2,0.1,0.19481839160735384
NSGA2,101,0.0,0.0,0.35719638018960187
NSGA2,101,0.05,0.02,0.31832952017778016
NSGA2,101,0.1,0.05,0.2713718192836996
NSGA2,101,0.2,0.1,0.1955472583777972
NSGA2,103,0.0,0.0,0.3561536808963413
NSGA2,103,0.05,0.02,0.3174028628191226
NSGA2,103,0.1,0.05,0.27060709333380484
NSGA2,103,0.2,0.1,0.19506050577126813
NSGA2,107,0.0,0.0,0.35718719563408097
NSGA2,107,0.05,0.02,0.31831884487984274
NSGA2,107,0.1,0.05,0.2713589246412907
NSGA2,107,0.2,0.1,0.19553065364850067
NSGA2,109,0.0,0.0,0.35708677496673924
NSGA2,109,0.05,0.02,0.31822833896814806
NSGA2,109,0.1,0.05,0.27128344923060743
NSGA2,109,0.2,0.1,0.19548012349447536
NSGA2,113,0.0,0.0,0.3571127171514932
NSGA2,113,0.05,0.02,0.3182497415879974
NSGA2,113,0.1,0.05,0.2712959221053469
NSGA2,113,0.2,0.1,0.1954791270592008
MOEAD_TCH,2,0.0,0.0,0.3536607735375088
MOEAD_TCH,2,0.05,0.02,0.31520722779156635
MOEAD_TCH,2,0.1,0.05,0.2687189099103244
MOEAD_TCH,2,0.2,0.1,0.19377704628314
MOEAD_TCH,3,0.0,0.0,0.35170098217960655
MOEAD_TCH,3,0.05,0.02,0.3134722583203575
MOEAD_TCH,3,0.1,0.05,0.26718744451023463
MOEAD_TCH,3,0.2,0.1,0.19267390684086255
MOEAD_TCH,5,0.0,0.0,0.3421021285462933
MOEAD_TCH,5,0.05,0.02,0.3046751932544722
MOEAD_TCH,5,0.1,0.05,0.259640421584413
MOEAD_TCH,5,0.2,0.1,0.18717871462253244
MOEAD_TCH,7,0.0,0.0,0.3556818258205355
MOEAD_TCH,7,0.05,0.02,0.3170249045908559
MOEAD_TCH,7,0.1,0.05,0.2702783908391412
MOEAD_TCH,7,0.2,0.1,0.19487495585774656
MOEAD_TCH,11,0.0,0.0,0.3497807385170696
MOEAD_TCH,11,0.05,0.02,0.31171023934507386
MOEAD_TCH,11,0.1,0.05,0.265718539787755
MOEAD_TCH,11,0.2,0.1,0.19165634105844015
MOEAD_TCH,13,0.0,0.0,0.3529882877699976
MOEAD_TCH,13,0.05,0.02,0.3145228367537638
MOEAD_TCH,13,0.1,0.05,0.26798384066632686
MOEAD_TCH,13,0.2,0.1,0.1929793935626565
MOEAD_TCH,17,0.0,0.0,0.3553739234350136
MOEAD_TCH,17,0.05,0.02,0.3167154791050882
MOEAD_TCH,17,0.1,0.05,0.26996891464074946
MOEAD_TCH,17,0.2,0.1,0.19456390584648497
MOEAD_TCH,19,0.0,0.0,0.35552269097264916
MOEAD_TCH,19,0.05,0.02,0.3166938119962527
MOEAD_TCH,19,0.1,0.05,0.26978451294554157
MOEAD_TCH,19,0.2,0.1,0.194046334918434
MOEAD_TCH,23,0.0,0.0,0.34644666366013077
MOEAD_TCH,23,0.05,0.02,0.3086864972914618
MOEAD_TCH,23,0.1,0.05,0.2631088934891861
MOEAD_TCH,23,0.2,0.1,0.1897711233182416
MOEAD_TCH,29,0.0,0.0,0.34471610400568653
MOEAD_TCH,29,0.05,0.02,0.307075431693203
MOEAD_TCH,29,0.1,0.05,0.2617815777410913
MOEAD_TCH,29,0.2,0.1,0.1888470514764959
MOEAD_TCH,31,0.0,0.0,0.3462746858031523
MOEAD_TCH,31,0.05,0.02,0.30848437226292186
MOEAD_TCH,31,0.1,0.05,0.26289539749564383
MOEAD_TCH,31,0.2,0.1,0.18951610918813527
MOEAD_TCH,37,0.0,0.0,0.34311475728618235
MOEAD_TCH,37,0.05,0.02,0.30566330883745363
MOEAD_TCH,37,0.1,0.05,0.2604560535695753
MOEAD_TCH,37,0.2,0.1,0.18779734985296814
MOEAD_TCH,41,0.0,0.0,0.3374839205624847
MOEAD_TCH,41,0.05,0.02,0.3004579496890857
MOEAD_TCH,41,0.1,0.05,0.25603415840743926
MOEAD_TCH,41,0.2,0.1,0.18458439625239334
MOEAD_TCH,43,0.0,0.0,0.34502705822533825
MOEAD_TCH,43,0.05,0.02,0.30734787632008737
MOEAD_TCH,43,0.1,0.05,0.2619979413697359
MOEAD_TCH,43,0.2,0.1,0.18896882451413347
MOEAD_TCH,47,0.0,0.0,0.3446694122801322
MOEAD_TCH,47,0.05,0.02,0.3069876310767857
MOEAD_TCH,47,0.1,0.05,0.2616895935131331
MOEAD_TCH,47,0.2,0.1,0.1887097747461335
MOEAD_TCH,53,0.0,0.0,0.3488755408735724
MOEAD_TCH,53,0.05,0.02,0.31083497838425794
MOEAD_TCH,53,0.1,0.05,0.2650000403467051
MOEAD_TCH,53,0.2,0.1,0.19112453981983782
MOEAD_TCH,59,0.0,0.0,0.35334409995609406
MOEAD_TCH,59,0.05,0.02,0.31484895118729783
MOEAD_TCH,59,0.1,0.05,0.2683073169402012
MOEAD_TCH,59,0.2,0.1,0.19327053392430857
MOEAD_TCH,61,0.0,0.0,0.3524025232435294
MOEAD_TCH,61,0.05,0.02,0.31401114794325646
MOEAD_TCH,61,0.1,0.05,0.26767991183582296
MOEAD_TCH,61,0.2,0.1,0.19295730042811687
MOEAD_TCH,67,0.0,0.0,0.34362022182233815
MOEAD_TCH,67,0.05,0.02,0.3061201870979291
MOEAD_TCH,67,0.1,0.05,0.2608840631591036
MOEAD_TCH,67,0.2,0.1,0.1881479044958688
MOEAD_TCH,71,0.0,0.0,0.3529000798569093
MOEAD_TCH,71,0.05,0.02,0.31447482535264654
MOEAD_TCH,71,0.1,0.05,0.2680437148978476
MOEAD_TCH,71,0.2,0.1,0.19318734993878572
MOEAD_TCH,73,0.0,0.0,0.3402433944491782
MOEAD_TCH,73,0.05,0.02,0.30292089418272766
MOEAD_TCH,73,0.1,0.05,0.2581462510136986
MOEAD_TCH,73,0.2,0.1,0.18604910757821913
MOEAD_TCH,79,0.0,0.0,0.34714528359169994
MOEAD_TCH,79,0.05,0.02,0.30931213097773813
MOEAD_TCH,79,0.1,0.05,0.2636643606287888
MOEAD_TCH,79,0.2,0.1,0.19018343766587748
MOEAD_TCH,83,0.0,0.0,0.3467258239518349
MOEAD_TCH,83,0.05,0.02,0.3088705654548677
MOEAD_TCH,83,0.1,0.05,0.26328445278290646
MOEAD_TCH,83,0.2,0.1,0.1898430816139776
MOEAD_TCH,89,0.0,0.0,0.35287070033787343
MOEAD_TCH,89,0.05,0.02,0.31446024443511494
MOEAD_TCH,89,0.1,0.05,0.2679875641053365
MOEAD_TCH,89,0.2,0.1,0.19310442787279938
MOEAD_TCH,97,0.0,0.0,0.34477420841065376
MOEAD_TCH,97,0.05,0.02,0.30711897651767134
MOEAD_TCH,97,0.1,0.05,0.2617465579593401
MOEAD_TCH,97,0.2,0.1,0.1887189075080261
MOEAD_TCH,101,0.0,0.0,0.3452853590654859
MOEAD_TCH,101,0.05,0.02,0.30732811023814005
MOEAD_TCH,101,0.1,0.05,0.2617086107254086
MOEAD_TCH,101,0.2,0.1,0.18813186238533114
MOEAD_TCH,103,0.0,0.0,0.35280054732557303
MOEAD_TCH,103,0.05,0.02,0.31437070371368825
MOEAD_TCH,103,0.1,0.05,0.26786260929443395
MOEAD_TCH,103,0.2,0.1,0.1929246712632945
MOEAD_TCH,107,0.0,0.0,0.3534004203325807
MOEAD_TCH,107,0.05,0.02,0.3149533523483601
MOEAD_TCH,107,0.1,0.05,0.26851732945969076
MOEAD_TCH,107,0.2,0.1,0.19363423858680054
MOEAD_TCH,109,0.0,0.0,0.35192814499951686
MOEAD_TCH,109,0.05,0.02,0.31356589712720306
MOEAD_TCH,109,0.1,0.05,0.2673089772454952
MOEAD_TCH,109,0.2,0.1,0.1926898094914736
MOEAD_TCH,113,0.0,0.0,0.35138460808688476
MOEAD_TCH,113,0.05,0.02,0.3131419531530699
MOEAD_TCH,113,0.1,0.05,0.26683499740251787
MOEAD_TCH,113,0.2,0.1,0.19228538671815093
MOEAD_PBI,2,0.0,0.0,0.3513163495910472
MOEAD_PBI,2,0.05,0.02,0.3128752027866262
MOEAD_PBI,2,0.1,0.05,0.26652547848051494
MOEAD_PBI,2,0.2,0.1,0.1917346073699827
MOEAD_PBI,3,0.0,0.0,0.3481983105481309
MOEAD_PBI,3,0.05,0.02,0.31023792234810327
MOEAD_PBI,3,0.1,0.05,0.2643304068393578
MOEAD_PBI,3,0.2,0.1,0.19046250313058466
MOEAD_PBI,5,0.0,0.0,0.34700070363705193
MOEAD_PBI,5,0.05,0.02,0.30915262131118637
MOEAD_PBI,5,0.1,0.05,0.2634278018308022
MOEAD_PBI,5,0.2,0.1,0.18985490002455258
MOEAD_PBI,7,0.0,0.0,0.3491467210206519
MOEAD_PBI,7,0.05,0.02,0.311081853982591
MOEAD_PBI,7,0.1,0.05,0.2649743162360731
MOEAD_PBI,7,0.2,0.1,0.19080191145149422
MOEAD_PBI,11,0.0,0.0,0.346324480404594
MOEAD_PBI,11,0.05,0.02,0.30848675819380894
MOEAD_PBI,11,0.1,0.05,0.2628556266454157
MOEAD_PBI,11,0.2,0.1,0.18938677288623718
MOEAD_PBI,13,0.0,0.0,0.3495477621457586
MOEAD_PBI,13,0.05,0.02,0.3114701152358418
MOEAD_PBI,13,0.1,0.05,0.26545708142421603
MOEAD_PBI,13,0.2,0.1,0.19136640070267322
MOEAD_PBI,17,0.0,0.0,0.3476535877923143
MOEAD_PBI,17,0.05,0.02,0.3097131771058763
MOEAD_PBI,17,0.1,0.05,0.2639342760798331
MOEAD_PBI,17,0.2,0.1,0.19021496436735194
MOEAD_PBI,19,0.0,0.0,0.349738158097857
MOEAD_PBI,19,0.05,0.02,0.3116218414389052
MOEAD_PBI,19,0.1,0.05,0.26547316449378777
MOEAD_PBI,19,0.2,0.1,0.1912081708897187
MOEAD_PBI,23,0.0,0.0,0.35190417202340585
MOEAD_PBI,23,0.05,0.02,0.31356165872964076
MOEAD_PBI,23,0.1,0.05,0.26718246972366033
MOEAD_PBI,23,0.2,0.1,0.1924607674239151
MOEAD_PBI,29,0.0,0.0,0.3449372016302395
MOEAD_PBI,29,0.05,0.02,0.3072077868788463
MOEAD_PBI,29,0.1,0.05,0.261807582169382
MOEAD_PBI,29,0.2,0.1,0.1886779627085244
MOEAD_PBI,31,0.0,0.0,0.3474279946540688
MOEAD_PBI,31,0.05,0.02,0.30951065371731934
MOEAD_PBI,31,0.1,0.05,0.26378238374226315
MOEAD_PBI,31,0.2,0.1,0.19013677283045746
MOEAD_PBI,37,0.0,0.0,0.3408037342554129
MOEAD_PBI,37,0.05,0.02,0.30351947542209023
MOEAD_PBI,37,0.1,0.05,0.25856484902081306
MOEAD_PBI,37,0.2,0.1,0.18632596378621322
MOEAD_PBI,41,0.0,0.0,0.3460464544368879
MOEAD_PBI,41,0.05,0.02,0.30811298884493843
MOEAD_PBI,41,0.1,0.05,0.26247903579983156
MOEAD_PBI,41,0.2,0.1,0.1889116171627748
MOEAD_PBI,43,0.0,0.0,0.35313395309606677
MOEAD_PBI,43,0.05,0.02,0.31464193543795205
MOEAD_PBI,43,0.1,0.05,0.26808728133564247
MOEAD_PBI,43,0.2,0.1,0.19304060957521843
MOEAD_PBI,47,0.0,0.0,0.35008548476924134
MOEAD_PBI,47,0.05,0.02,0.31186979176144336
MOEAD_PBI,47,0.1,0.05,0.2655809388827775
MOEAD_PBI,47,0.2,0.1,0.19107639299631363
MOEAD_PBI,53,0.0,0.0,0.35024822120423127
MOEAD_PBI,53,0.05,0.02,0.3120093814407616
MOEAD_PBI,53,0.1,0.05,0.26578666205832163
MOEAD_PBI,53,0.2,0.1,0.19132510291241164
MOEAD_PBI,59,0.0,0.0,0.3508107856263359
MOEAD_PBI,59,0.05,0.02,0.31254498302736117
MOEAD_PBI,59,0.1,0.05,0.26635543586314486
MOEAD_PBI,59,0.2,0.1,0.1919000860999537
MOEAD_PBI,61,0.0,0.0,0.34861071079613926
MOEAD_PBI,61,0.05,0.02,0.31042490141479406
MOEAD_PBI,61,0.1,0.05,0.2644561460763261
MOEAD_PBI,61,0.2,0.1,0.19030158135651276
MOEAD_PBI,67,0.0,0.0,0.3471589843724317
MOEAD_PBI,67,0.05,0.02,0.3092922386891822
MOEAD_PBI,67,0.1,0.05,0.26358649093830344
MOEAD_PBI,67,0.2,0.1,0.19001399750417508
MOEAD_PBI,71,0.0,0.0,0.34750865047497326
MOEAD_PBI,71,0.05,0.02,0.30947371888174124
MOEAD_PBI,71,0.1,0.05,0.2636399813103639
MOEAD_PBI,71,0.2,0.1,0.18977131214575435
MOEAD_PBI,73,0.0,0.0,0.33895781650423273
MOEAD_PBI,73,0.05,0.02,0.3017792594130309
MOEAD_PBI,73,0.1,0.05,0.25713739508381417
MOEAD_PBI,73,0.2,0.1,0.18531697366339545
MOEAD_PBI,79,0.0,0.0,0.34151749564727635
MOEAD_PBI,79,0.05,0.02,0.30410398681327555
MOEAD_PBI,79,0.1,0.05,0.25896131303380465
MOEAD_PBI,79,0.2,0.1,0.18640513042033321
MOEAD_PBI,83,0.0,0.0,0.351444570250442
MOEAD_PBI,83,0.05,0.02,0.313106945918427
MOEAD_PBI,83,0.1,0.05,0.2667414218603666
MOEAD_PBI,83,0.2,0.1,0.19203827347029118
MOEAD_PBI,89,0.0,0.0,0.35336853481507935
MOEAD_PBI,89,0.05,0.02,0.31482429316808797
MOEAD_PBI,89,0.1,0.05,0.2682137692092145
MOEAD_PBI,89,0.2,0.1,0.19305900360334963
MOEAD_PBI,97,0.0,0.0,0.3540137075300325
MOEAD_PBI,97,0.05,0.02,0.3153787634742758
MOEAD_PBI,97,0.1,0.05,0.2687162630107108
MOEAD_PBI,97,0.2,0.1,0.1934188184913889
MOEAD_PBI,101,0.0,0.0,0.3475897869322884
MOEAD_PBI,101,0.05,0.02,0.3096969940511191
MOEAD_PBI,101,0.1,0.05,0.2639198377169855
MOEAD_PBI,101,0.2,0.1,0.1902498885016826
MOEAD_PBI,103,0.0,0.0,0.3438740371791921
MOEAD_PBI,103,0.05,0.02,0.30620968436169854
MOEAD_PBI,103,0.1,0.05,0.26092557766266716
MOEAD_PBI,103,0.2,0.1,0.18797711814614232
MOEAD_PBI,107,0.0,0.0,0.35089581036597417
MOEAD_PBI,107,0.05,0.02,0.31257888986532956
MOEAD_PBI,107,0.1,0.05,0.26627839362998235
MOEAD_PBI,107,0.2,0.1,0.19166097689399056
MOEAD_PBI,109,0.0,0.0,0.34944672006381666
MOEAD_PBI,109,0.05,0.02,0.3113310578654491
MOEAD_PBI,109,0.1,0.05,0.26533000189318073
MOEAD_PBI,109,0.2,0.1,0.1912132837225445
MOEAD_PBI,113,0.0,0.0,0.35125650843453726
MOEAD_PBI,113,0.05,0.02,0.31291928597247143
MOEAD_PBI,113,0.1,0.05,0.266608663278732
MOEAD_PBI,113,0.2,0.1,0.19196081812292698
MOEAD_WS,2,0.0,0.0,0.35044127038038025
MOEAD_WS,2,0.05,0.02,0.3115791343344854
MOEAD_WS,2,0.1,0.05,0.26462828240761593
MOEAD_WS,2,0.2,0.1,0.18881529443485176
MOEAD_WS,3,0.0,0.0,0.3482855782172486
MOEAD_WS,3,0.05,0.02,0.30942563648952653
MOEAD_WS,3,0.1,0.05,0.26247417528399347
MOEAD_WS,3,0.2,0.1,0.1866627723507381
MOEAD_WS,5,0.0,0.0,0.34972022160969857
MOEAD_WS,5,0.05,0.02,0.31088801982165143
MOEAD_WS,5,0.1,0.05,0.2639796327979758
MOEAD_WS,5,0.2,0.1,0.18823904398625277
MOEAD_WS,7,0.0,0.0,0.34755734905881175
MOEAD_WS,7,0.05,0.02,0.30873350866239113
MOEAD_WS,7,0.1,0.05,0.2618309695731164
MOEAD_WS,7,0.2,0.1,0.18610459008742095
MOEAD_WS,11,0.0,0.0,0.35111546119464443
MOEAD_WS,11,0.05,0.02,0.3122863542307561
MOEAD_WS,11,0.1,0.05,0.2653657702234734
MOEAD_WS,11,0.2,0.1,0.18961607925230226
MOEAD_WS,13,0.0,0.0,0.3508054550246875
MOEAD_WS,13,0.05,0.02,0.31195018868910096
MOEAD_WS,13,0.1,0.05,0.2650045822853236
MOEAD_WS,13,0.2,0.1,0.18920370954595989
MOEAD_WS,17,0.0,0.0,0.35112497744672216
MOEAD_WS,17,0.05,0.02,0.3122661090905325
MOEAD_WS,17,0.1,0.05,0.2653182195896873
MOEAD_WS,17,0.2,0.1,0.18951146173265246
MOEAD_WS,19,0.0,0.0,0.35009137501305193
MOEAD_WS,19,0.05,0.02,0.3112385299746244
MOEAD_WS,19,0.1,0.05,0.2643000469708975
MOEAD_WS,19,0.2,0.1,0.1885087189287431
MOEAD_WS,23,0.0,0.0,0.3524957982988987
MOEAD_WS,23,0.05,0.02,0.3136312242081901
MOEAD_WS,23,0.1,0.05,0.2666755212941521
MOEAD_WS,23,0.2,0.1,0.19085524428940562
MOEAD_WS,29,0.0,0.0,0.3514789978910968
MOEAD_WS,29,0.05,0.02,0.3126123169982612
MOEAD_WS,29,0.1,0.05,0.2656552700161832
MOEAD_WS,29,0.2,0.1,0.18983154214126957
MOEAD_WS,31,0.0,0.0,0.35211702121158417
MOEAD_WS,31,0.05,0.02,0.31334211555496433
MOEAD_WS,31,0.1,0.05,0.2665189579749706
MOEAD_WS,31,0.2,0.1,0.1909208947383567
MOEAD_WS,37,0.0,0.0,0.34964761545774165
MOEAD_WS,37,0.05,0.02,0.31084567235987115
MOEAD_WS,37,0.1,0.05,0.26396817489745883
MOEAD_WS,37,0.2,0.1,0.1882887343371759
MOEAD_WS,41,0.0,0.0,0.35075183946403105
MOEAD_WS,41,0.05,0.02,0.31188457392150665
MOEAD_WS,41,0.1,0.05,0.26492669398483926
MOEAD_WS,41,0.2,0.1,0.18910154850564734
MOEAD_WS,43,0.0,0.0,0.3512304828565983
MOEAD_WS,43,0.05,0.02,0.31237086874989517
MOEAD_WS,43,0.1,0.05,0.26542008584859067
MOEAD_WS,43,0.2,0.1,0.18960968884058324
MOEAD_WS,47,0.0,0.0,0.3423935159764593
MOEAD_WS,47,0.05,0.02,0.30361571950479066
MOEAD_WS,47,0.1,0.05,0.2567821272808778
MOEAD_WS,47,0.2,0.1,0.18117073858529623
MOEAD_WS,53,0.0,0.0,0.35124495621449536
MOEAD_WS,53,0.05,0.02,0.31242471206125866
MOEAD_WS,53,0.1,0.05,0.2655266113387307
MOEAD_WS,53,0.2,0.1,0.18980826646296592
MOEAD_WS,59,0.0,0.0,0.3498290623938892
MOEAD_WS,59,0.05,0.02,0.3109975731579645
MOEAD_WS,59,0.1,0.05,0.2640765250434678
MOEAD_WS,59,0.2,0.1,0.18832398769304626
MOEAD_WS,61,0.0,0.0,0.35172077171092186
MOEAD_WS,61,0.05,0.02,0.3129178872544093
MOEAD_WS,61,0.1,0.05,0.26605099742129207
MOEAD_WS,61,0.2,0.1,0.19038122313166242
MOEAD_WS,67,0.0,0.0,0.35212401405244204
MOEAD_WS,67,0.05,0.02,0.3132781124205125
MOEAD_WS,67,0.1,0.05,0.2663407189647771
MOEAD_WS,67,0.2,0.1,0.19055742387711205
MOEAD_WS,71,0.0,0.0,0.34988302361418155
MOEAD_WS,71,0.05,0.02,0.3110284935334031
MOEAD_WS,71,0.1,0.05,0.26408894364676033
MOEAD_WS,71,0.2,0.1,0.18829486367933904
MOEAD_WS,73,0.0,0.0,0.3517323660307614
MOEAD_WS,73,0.05,0.02,0.3128872094254002
MOEAD_WS,73,0.1,0.05,0.2659602841535316
MOEAD_WS,73,0.2,0.1,0.19018820227630173
MOEAD_WS,79,0.0,0.0,0.3524745251168211
MOEAD_WS,79,0.05,0.02,0.31362409481338416
MOEAD_WS,79,0.1,0.05,0.2666914837972846
MOEAD_WS,79,0.2,0.1,0.19090844247774819
MOEAD_WS,83,0.0,0.0,0.3493541034453251
MOEAD_WS,83,0.05,0.02,0.31054029442934045
MOEAD_WS,83,0.1,0.05,0.2636602756432204
MOEAD_WS,83,0.2,0.1,0.18796644784111619
MOEAD_WS,89,0.0,0.0,0.35279996362754473
MOEAD_WS,89,0.05,0.02,0.3140183547444605
MOEAD_WS,89,0.1,0.05,0.2671637621484103
MOEAD_WS,89,0.2,0.1,0.19152756066927615
MOEAD_WS,97,0.0,0.0,0.3472181896168491
MOEAD_WS,97,0.05,0.02,0.30853889816162555
MOEAD_WS,97,0.1,0.05,0.2618628788339685
MOEAD_WS,97,0.2,0.1,0.1865075680510879
MOEAD_WS,101,0.0,0.0,0.3516559775130321
MOEAD_WS,101,0.05,0.02,0.31280000886970577
MOEAD_WS,101,0.1,0.05,0.2658590773976597
MOEAD_WS,101,0.2,0.1,0.19006217728228725
MOEAD_WS,103,0.0,0.0,0.3514687040861172
MOEAD_WS,103,0.05,0.02,0.31261941934032006
MOEAD_WS,103,0.1,0.05,0.2656798074785134
MOEAD_WS,103,0.2,0.1,0.1898909108709097
MOEAD_WS,107,0.0,0.0,0.3462059864731802
MOEAD_WS,107,0.05,0.02,0.30738470756116065
MOEAD_WS,107,0.1,0.05,0.26049007965153953
MOEAD_WS,107,0.2,0.1,0.18477417282989847
MOEAD_WS,109,0.0,0.0,0.3513382951246023
MOEAD_WS,109,0.05,0.02,0.31248345376623415
MOEAD_WS,109,0.1,0.05,0.2655429223131088
MOEAD_WS,109,0.2,0.1,0.18974754950161524
MOEAD_WS,113,0.0,0.0,0.3527925234316656
MOEAD_WS,113,0.05,0.02,0.31396182701402153
MOEAD_WS,113,0.1,0.05,0.26703956301834897
MOEAD_WS,113,0.2,0.1,0.19128660260503275
MOEAD_ASF,2,0.0,0.0,0.3516812249185463
MOEAD_ASF,2,0.05,0.02,0.3133103283834017
MOEAD_ASF,2,0.1,0.05,0.26706054677213054
MOEAD_ASF,2,0.2,0.1,0.19243986862571483
MOEAD_ASF,3,0.0,0.0,0.3536605665509256
MOEAD_ASF,3,0.05,0.02,0.3151584418556635
MOEAD_ASF,3,0.1,0.05,0.2686067466947346
MOEAD_ASF,3,0.2,0.1,0.19355292683854355
MOEAD_ASF,5,0.0,0.0,0.34873052605811045
MOEAD_ASF,5,0.05,0.02,0.3107205028506153
MOEAD_ASF,5,0.1,0.05,0.2648612321564458
MOEAD_ASF,5,0.2,0.1,0.19099193825478106
MOEAD_ASF,7,0.0,0.0,0.354826376140562
MOEAD_ASF,7,0.05,0.02,0.31614114648995717
MOEAD_ASF,7,0.1,0.05,0.2694446127678499
MOEAD_ASF,7,0.2,0.1,0.19406284939513802
MOEAD_ASF,11,0.0,0.0,0.3494616767208074
MOEAD_ASF,11,0.05,0.02,0.31126840296804165
MOEAD_ASF,11,0.1,0.05,0.2652930558306519
MOEAD_ASF,11,0.2,0.1,0.19112443494049644
MOEAD_ASF,13,0.0,0.0,0.353902526411623
MOEAD_ASF,13,0.05,0.02,0.315381266376516
MOEAD_ASF,13,0.1,0.05,0.26877861777252027
MOEAD_ASF,13,0.2,0.1,0.19365470913341742
MOEAD_ASF,17,0.0,0.0,0.3532476646368367
MOEAD_ASF,17,0.05,0.02,0.31462781778283117
MOEAD_ASF,17,0.1,0.05,0.2680354896054758
MOEAD_ASF,17,0.2,0.1,0.19282331457411514
MOEAD_ASF,19,0.0,0.0,0.35423651934713746
MOEAD_ASF,19,0.05,0.02,0.31570136311028935
MOEAD_ASF,19,0.1,0.05,0.2690758843226804
MOEAD_ASF,19,0.2,0.1,0.19391524929822332
MOEAD_ASF,23,0.0,0.0,0.349334050288951
MOEAD_ASF,23,0.05,0.02,0.3112795896276451
MOEAD_ASF,23,0.1,0.05,0.2653244482201854
MOEAD_ASF,23,0.2,0.1,0.19131484615142014
MOEAD_ASF,29,0.0,0.0,0.3534816728922813
MOEAD_ASF,29,0.05,0.02,0.31495388586582396
MOEAD_ASF,29,0.1,0.05,0.2684262605997838
MOEAD_ASF,29,0.2,0.1,0.19337084830728618
MOEAD_ASF,31,0.0,0.0,0.35288368840567635
MOEAD_ASF,31,0.05,0.02,0.31445919053574944
MOEAD_ASF,31,0.1,0.05,0.2680286732518844
MOEAD_ASF,31,0.2,0.1,0.19317365809809245
MOEAD_ASF,37,0.0,0.0,0.35316773478456276
MOEAD_ASF,37,0.05,0.02,0.3145392278264549
MOEAD_ASF,37,0.1,0.05,0.26792915355523556
MOEAD_ASF,37,0.2,0.1,0.1926905723259078
MOEAD_ASF,41,0.0,0.0,0.3524539165049572
MOEAD_ASF,41,0.05,0.02,0.31397345294668855
MOEAD_ASF,41,0.1,0.05,0.2675331140334815
MOEAD_ASF,41,0.2,0.1,0.19261231156200614
MOEAD_ASF,43,0.0,0.0,0.35110281116067293
MOEAD_ASF,43,0.05,0.02,0.3127566679401599
MOEAD_ASF,43,0.1,0.05,0.2665455895740446
MOEAD_ASF,43,0.2,0.1,0.19198836798741634
MOEAD_ASF,47,0.0,0.0,0.34925852450225636
MOEAD_ASF,47,0.05,0.02,0.31111602428853935
MOEAD_ASF,47,0.1,0.05,0.26515779959790237
MOEAD_ASF,47,0.2,0.1,0.1910570746935484
MOEAD_ASF,53,0.0,0.0,0.3500677877954758
MOEAD_ASF,53,0.05,0.02,0.3118075365890755
MOEAD_ASF,53,0.1,0.05,0.2657413506515967
MOEAD_ASF,53,0.2,0.1,0.1914149135077176
MOEAD_ASF,59,0.0,0.0,0.35519728302825626
MOEAD_ASF,59,0.05,0.02,0.3164361388609687
MOEAD_ASF,59,0.1,0.05,0.2696339803718477
MOEAD_ASF,59,0.2,0.1,0.19407067771543907
MOEAD_ASF,61,0.0,0.0,0.35560725926781467
MOEAD_ASF,61,0.05,0.02,0.31682649126533424
MOEAD_ASF,61,0.1,0.05,0.2699617387661183
MOEAD_ASF,61,0.2,0.1,0.1943162182644222
MOEAD_ASF,67,0.0,0.0,0.35374988142313923
MOEAD_ASF,67,0.05,0.02,0.3152108274110229
MOEAD_ASF,67,0.1,0.05,0.2685924501348732
MOEAD_ASF,67,0.2,0.1,0.1934350188466071
MOEAD_ASF,71,0.0,0.0,0.3506869658228
MOEAD_ASF,71,0.05,0.02,0.31243596912386146
MOEAD_ASF,71,0.1,0.05,0.26627768388523215
MOEAD_ASF,71,0.2,0.1,0.19186840194766416
MOEAD_ASF,73,0.0,0.0,0.34274093866631206
MOEAD_ASF,73,0.05,0.02,0.3050898658829514
MOEAD_ASF,73,0.1,0.05,0.2599517088159316
MOEAD_ASF,73,0.2,0.1,0.18716247896555144
MOEAD_ASF,79,0.0,0.0,0.35505087125945856
MOEAD_ASF,79,0.05,0.02,0.3164120259589173
MOEAD_ASF,79,0.1,0.05,0.2696834206764895
MOEAD_ASF,79,0.2,0.1,0.19431597009352014
MOEAD_ASF,83,0.0,0.0,0.3550370683651274
MOEAD_ASF,83,0.05,0.02,0.31633092708657046
MOEAD_ASF,83,0.1,0.05,0.26954497177145154
MOEAD_ASF,83,0.2,0.1,0.19405287517777556
MOEAD_ASF,89,0.0,0.0,0.3551780905342489
MOEAD_ASF,89,0.05,0.02,0.31650915693617626
MOEAD_ASF,89,0.1,0.05,0.2697746075584402
MOEAD_ASF,89,0.2,0.1,0.19437112458263098
MOEAD_ASF,97,0.0,0.0,0.353312646621449
MOEAD_ASF,97,0.05,0.02,0.3148102718057772
MOEAD_ASF,97,0.1,0.05,0.2683306637103343
MOEAD_ASF,97,0.2,0.1,0.19334868079921927
MOEAD_ASF,101,0.0,0.0,0.35437635624605884
MOEAD_ASF,101,0.05,0.02,0.31574319371592513
MOEAD_ASF,101,0.1,0.05,0.26904558913528803
MOEAD_ASF,101,0.2,0.1,0.193714822024517
MOEAD_ASF,103,0.0,0.0,0.35244041417837735
MOEAD_ASF,103,0.05,0.02,0.31399345705873305
MOEAD_ASF,103,0.1,0.05,0.2676117611391129
MOEAD_ASF,103,0.2,0.1,0.19278310809984842
MOEAD_ASF,107,0.0,0.0,0.3472800125138526
MOEAD_ASF,107,0.05,0.02,0.30930653013772114
MOEAD_ASF,107,0.1,0.05,0.2636157491185367
MOEAD_ASF,107,0.2,0.1,0.18995148572322068
MOEAD_ASF,109,0.0,0.0,0.35489506363311496
MOEAD_ASF,109,0.05,0.02,0.31622482674399854
MOEAD_ASF,109,0.1,0.05,0.2694967252883641
MOEAD_ASF,109,0.2,0.1,0.19409838694361323
MOEAD_ASF,113,0.0,0.0,0.35120224347662105
MOEAD_ASF,113,0.05,0.02,0.31275914758592593
MOEAD_ASF,113,0.1,0.05,0.2664289242231835
MOEAD_ASF,113,0.2,0.1,0.19165560496974582
MOEAD_AASF,2,0.0,0.0,0.34247544197493096
MOEAD_AASF,2,0.05,0.02,0.3046908021477135
MOEAD_AASF,2,0.1,0.05,0.2593531123117916
MOEAD_AASF,2,0.2,0.1,0.1862307826486522
MOEAD_AASF,3,0.0,0.0,0.3527796550231384
MOEAD_AASF,3,0.05,0.02,0.31431894623947626
MOEAD_AASF,3,0.1,0.05,0.26779520897670683
MOEAD_AASF,3,0.2,0.1,0.19281076293027552
MOEAD_AASF,5,0.0,0.0,0.35167072328592336
MOEAD_AASF,5,0.05,0.02,0.3131196438175871
MOEAD_AASF,5,0.1,0.05,0.26661531554293666
MOEAD_AASF,5,0.2,0.1,0.19155990779995008
MOEAD_AASF,7,0.0,0.0,0.35289706471408355
MOEAD_AASF,7,0.05,0.02,0.3142944981939207
MOEAD_AASF,7,0.1,0.05,0.2677021677211609
MOEAD_AASF,7,0.2,0.1,0.19250727072823798
MOEAD_AASF,11,0.0,0.0,0.3448455839760312
MOEAD_AASF,11,0.05,0.02,0.3070520189534456
MOEAD_AASF,11,0.1,0.05,0.26161916066632135
MOEAD_AASF,11,0.2,0.1,0.18839273735661166
MOEAD_AASF,13,0.0,0.0,0.3549428274598061
MOEAD_AASF,13,0.05,0.02,0.3162390007090823
MOEAD_AASF,13,0.1,0.05,0.2694743029267095
MOEAD_AASF,13,0.2,0.1,0.19400577839361297
MOEAD_AASF,17,0.0,0.0,0.3536779749228275
MOEAD_AASF,17,0.05,0.02,0.31502416034552444
MOEAD_AASF,17,0.1,0.05,0.26831250236129905
MOEAD_AASF,17,0.2,0.1,0.19294702979977035
MOEAD_AASF,19,0.0,0.0,0.3497894179671561
MOEAD_AASF,19,0.05,0.02,0.31156652354136644
MOEAD_AASF,19,0.1,0.05,0.26541651428074997
MOEAD_AASF,19,0.2,0.1,0.19104361059434408
MOEAD_AASF,23,0.0,0.0,0.3516584908271085
MOEAD_AASF,23,0.05,0.02,0.313252287989495
MOEAD_AASF,23,0.1,0.05,0.2668506580175323
MOEAD_AASF,23,0.2,0.1,0.1920428252079562
MOEAD_AASF,29,0.0,0.0,0.3445553805436783
MOEAD_AASF,29,0.05,0.02,0.3067677934962145
MOEAD_AASF,29,0.1,0.05,0.2613724492709146
MOEAD_AASF,29,0.2,0.1,0.1881895179981503
MOEAD_AASF,31,0.0,0.0,0.3534264984842299
MOEAD_AASF,31,0.05,0.02,0.31481616530424744
MOEAD_AASF,31,0.1,0.05,0.268242164105651
MOEAD_AASF,31,0.2,0.1,0.19305782972707208
MOEAD_AASF,37,0.0,0.0,0.3534218111751184
MOEAD_AASF,37,0.05,0.02,0.31487837124889095
MOEAD_AASF,37,0.1,0.05,0.26829393938301666
MOEAD_AASF,37,0.2,0.1,0.19316606759091492
MOEAD_AASF,41,0.0,0.0,0.3514871653194701
MOEAD_AASF,41,0.05,0.02,0.31307386194193587
MOEAD_AASF,41,0.1,0.05,0.26674776931627797
MOEAD_AASF,41,0.2,0.1,0.19200837331308543
MOEAD_AASF,43,0.0,0.0,0.3539212102538082
MOEAD_AASF,43,0.05,0.02,0.3152821693700288
MOEAD_AASF,43,0.1,0.05,0.26855254689190156
MOEAD_AASF,43,0.2,0.1,0.19318388352999502
MOEAD_AASF,47,0.0,0.0,0.35332502780865893
MOEAD_AASF,47,0.05,0.02,0.31459622185050223
MOEAD_AASF,47,0.1,0.05,0.2678151742467204
MOEAD_AASF,47,0.2,0.1,0.19230532068478182
MOEAD_AASF,53,0.0,0.0,0.3538026020671086
MOEAD_AASF,53,0.05,0.02,0.31522135334182083
MOEAD_AASF,53,0.1,0.05,0.2685717036364318
MOEAD_AASF,53,0.2,0.1,0.193340805205755
MOEAD_AASF,59,0.0,0.0,0.3557371192756746
MOEAD_AASF,59,0.05,0.02,0.31689181273746925
MOEAD_AASF,59,0.1,0.05,0.26995710822218943
MOEAD_AASF,59,0.2,0.1,0.1941770971687046
MOEAD_AASF,61,0.0,0.0,0.3537211632883684
MOEAD_AASF,61,0.05,0.02,0.314983863353221
MOEAD_AASF,61,0.1,0.05,0.2682160928126312
MOEAD_AASF,61,0.2,0.1,0.19271102233689363
MOEAD_AASF,67,0.0,0.0,0.3500984542401015
MOEAD_AASF,67,0.05,0.02,0.31179434234015807
MOEAD_AASF,67,0.1,0.05,0.2656295159002737
MOEAD_AASF,67,0.2,0.1,0.19116057756044605
MOEAD_AASF,71,0.0,0.0,0.34861636819625724
MOEAD_AASF,71,0.05,0.02,0.3104371185705237
MOEAD_AASF,71,0.1,0.05,0.26448316680372735
MOEAD_AASF,71,0.2,0.1,0.19034996541119786
MOEAD_AASF,73,0.0,0.0,0.35553554607033944
MOEAD_AASF,73,0.05,0.02,0.31670702323545674
MOEAD_AASF,73,0.1,0.05,0.26979170446689044
MOEAD_AASF,73,0.2,0.1,0.19404786286344175
MOEAD_AASF,79,0.0,0.0,0.35444697371146994
MOEAD_AASF,79,0.05,0.02,0.31581214524385837
MOEAD_AASF,79,0.1,0.05,0.2690984759470325
MOEAD_AASF,79,0.2,0.1,0.19374997818259526
MOEAD_AASF,83,0.0,0.0,0.3486506508447372
MOEAD_AASF,83,0.05,0.02,0.31046069756085026
MOEAD_AASF,83,0.1,0.05,0.2645030490182792
MOEAD_AASF,83,0.2,0.1,0.19035544719182101
MOEAD_AASF,89,0.0,0.0,0.3543695261886732
MOEAD_AASF,89,0.05,0.02,0.31569959789968344
MOEAD_AASF,89,0.1,0.05,0.26894642104392935
MOEAD_AASF,89,0.2,0.1,0.1935233158991855
MOEAD_AASF,97,0.0,0.0,0.34709219836221744
MOEAD_AASF,97,0.05,0.02,0.30906413953629575
MOEAD_AASF,97,0.1,0.05,0.2633316118177215
MOEAD_AASF,97,0.2,0.1,0.18957102527322578
MOEAD_AASF,101,0.0,0.0,0.3519970482536293
MOEAD_AASF,101,0.05,0.02,0.31366235523426717
MOEAD_AASF,101,0.1,0.05,0.26732279002170795
MOEAD_AASF,101,0.2,0.1,0.19264853178978691
MOEAD_AASF,103,0.0,0.0,0.35129382117328845
MOEAD_AASF,103,0.05,0.02,0.31289067941634985
MOEAD_AASF,103,0.1,0.05,0.26662192851739475
MOEAD_AASF,103,0.2,0.1,0.19195003586150078
MOEAD_AASF,107,0.0,0.0,0.35432905374914214
MOEAD_AASF,107,0.05,0.02,0.31571641355492347
MOEAD_AASF,107,0.1,0.05,0.26901385604171174
MOEAD_AASF,107,0.2,0.1,0.1936986583342812
MOEAD_AASF,109,0.0,0.0,0.3544263437655153
MOEAD_AASF,109,0.05,0.02,0.31581634342044074
MOEAD_AASF,109,0.1,0.05,0.26912549889770143
MOEAD_AASF,109,0.2,0.1,0.19382465402988744
MOEAD_AASF,113,0.0,0.0,0.3552267975290478
MOEAD_AASF,113,0.05,0.02,0.31644900349315014
MOEAD_AASF,113,0.1,0.05,0.26960592725612054
MOEAD_AASF,113,0.2,0.1,0.19398505698319338
FMINCON_49,2,0.0,0.0,0.35615666756973424
FMINCON_49,2,0.05,0.02,0.31728710447521874
FMINCON_49,2,0.1,0.05,0.2703258402242555
FMINCON_49,2,0.2,0.1,0.19449501287877607
FMINCON_49,3,0.0,0.0,0.3561567713609822
FMINCON_49,3,0.05,0.02,0.3172872082664218
FMINCON_49,3,0.1,0.05,0.2703259440154159
FMINCON_49,3,0.2,0.1,0.1944951166698493
FMINCON_49,5,0.0,0.0,0.35615647722506094
FMINCON_49,5,0.05,0.02,0.31728691440474216
FMINCON_49,5,0.1,0.05,0.27032565042797774
FMINCON_49,5,0.2,0.1,0.1944948236308942
FMINCON_49,7,0.0,0.0,0.3561566989204498
FMINCON_49,7,0.05,0.02,0.31728713582582896
FMINCON_49,7,0.1,0.05,0.27032587157476
FMINCON_49,7,0.2,0.1,0.19449504422907032
FMINCON_49,11,0.0,0.0,0.35613656997079035
FMINCON_49,11,0.05,0.02,0.3172670068761273
FMINCON_49,11,0.1,0.05,0.2703057426250168
FMINCON_49,11,0.2,0.1,0.194474915279243
FMINCON_49,13,0.0,0.0,0.3561479124780366
FMINCON_49,13,0.05,0.02,0.3172798075884233
FMINCON_49,13,0.1,0.05,0.2703200015423622
FMINCON_49,13,0.2,0.1,0.19449209060668773
FMINCON_49,17,0.0,0.0,0.3561567154794204
FMINCON_49,17,0.05,0.02,0.3172871534541804
FMINCON_49,17,0.1,0.05,0.27032589027249276
FMINCON_49,17,0.2,0.1,0.19449506506556505
FMINCON_49,19,0.0,0.0,0.3561566009731668
FMINCON_49,19,0.05,0.02,0.3172870378783865
FMINCON_49,19,0.1,0.05,0.2703257736271602
FMINCON_49,19,0.2,0.1,0.1944949462811534
FMINCON_49,23,0.0,0.0,0.35615649437150465
FMINCON_49,23,0.05,0.02,0.3172869312769067
FMINCON_49,23,0.1,0.05,0.270325667025863
FMINCON_49,23,0.2,0.1,0.19449483968022127
FMINCON_49,29,0.0,0.0,0.35615643057566415
FMINCON_49,29,0.05,0.02,0.3172868674810072
FMINCON_49,29,0.1,0.05,0.2703256032299027
FMINCON_49,29,0.2,0.1,0.19449477588414132
FMINCON_49,31,0.0,0.0,0.35615777834863
FMINCON_49,31,0.05,0.02,0.3172882152538916
FMINCON_49,31,0.1,0.05,0.2703269510027077
FMINCON_49,31,0.2,0.1,0.19449612365678529
FMINCON_49,37,0.0,0.0,0.35615650773874136
FMINCON_49,37,0.05,0.02,0.31728694464408236
FMINCON_49,37,0.1,0.05,0.2703256803929777
FMINCON_49,37,0.2,0.1,0.19449485304721412
FMINCON_49,41,0.0,0.0,0.356156675678248
FMINCON_49,41,0.05,0.02,0.31728711258346787
FMINCON_49,41,0.1,0.05,0.2703258483322401
FMINCON_49,41,0.2,0.1,0.1944950209862321
FMINCON_49,43,0.0,0.0,0.35615661697602397
FMINCON_49,43,0.05,0.02,0.3172870538812482
FMINCON_49,43,0.1,0.05,0.2703257896300252
FMINCON_49,43,0.2,0.1,0.19449496228402624
FMINCON_49,47,0.0,0.0,0.3561567102180592
FMINCON_49,47,0.05,0.02,0.3172871471234046
FMINCON_49,47,0.1,0.05,0.2703258828723036
FMINCON_49,47,0.2,0.1,0.19449505552654803
FMINCON_49,53,0.0,0.0,0.35615655877447144
FMINCON_49,53,0.05,0.02,0.31728699567976093
FMINCON_49,53,0.1,0.05,0.2703257314286031
FMINCON_49,53,0.2,0.1,0.19449490408273482
FMINCON_49,59,0.0,0.0,0.35614262121523976
FMINCON_49,59,0.05,0.02,0.3172730581206308
FMINCON_49,59,0.1,0.05,0.2703117938695744
FMINCON_49,59,0.2,0.1,0.19448096652390914
FMINCON_49,61,0.0,0.0,0.3561564602164498
FMINCON_49,61,0.05,0.02,0.31728689712179203
FMINCON_49,61,0.1,0.05,0.2703256328706867
FMINCON_49,61,0.2,0.1,0.19449480552492365
FMINCON_49,67,0.0,0.0,0.35615702857208736
FMINCON_49,67,0.05,0.02,0.31728746547742315
FMINCON_49,67,0.1,0.05,0.2703262012263115
FMINCON_49,67,0.2,0.1,0.19449537388053553
FMINCON_49,71,0.0,0.0,0.3561561279943691
FMINCON_49,71,0.05,0.02,0.3172865648996655
FMINCON_49,71,0.1,0.05,0.27032530064851606
FMINCON_49,71,0.2,0.1,0.19449447330266292
FMINCON_49,73,0.0,0.0,0.35615651773507395
FMINCON_49,73,0.05,0.02,0.3172869546525316
FMINCON_49,73,0.1,0.05,0.27032569041355614
FMINCON_49,73,0.2,0.1,0.19449486309203853
FMINCON_49,79,0.0,0.0,0.35615632574701495
FMINCON_49,79,0.05,0.02,0.3172867626524721
FMINCON_49,79,0.1,0.05,0.2703254984014817
FMINCON_49,79,0.2,0.1,0.19449467105594825
FMINCON_49,83,0.0,0.0,0.3561566081432887
FMINCON_49,83,0.05,0.02,0.3172870450486004
FMINCON_49,83,0.1,0.05,0.27032578079746433
FMINCON_49,83,0.2,0.1,0.19449495345164
FMINCON_49,89,0.0,0.0,0.35615664118607615
FMINCON_49,89,0.05,0.02,0.3172870780923181
FMINCON_49,89,0.1,0.05,0.27032581384211435
FMINCON_49,89,0.2,0.1,0.1944949864981525
FMINCON_49,97,0.0,0.0,0.3561478421435091
FMINCON_49,97,0.05,0.02,0.3172797370511304
FMINCON_49,97,0.1,0.05,0.27031993080230604
FMINCON_49,97,0.2,0.1,0.1944920194611031
FMINCON_49,101,0.0,0.0,0.35613648392386227
FMINCON_49,101,0.05,0.02,0.31726692082920216
FMINCON_49,101,0.1,0.05,0.27030565657809613
FMINCON_49,101,0.2,0.1,0.19447482923233012
FMINCON_49,103,0.0,0.0,0.35615646490424224
FMINCON_49,103,0.05,0.02,0.3172869018096069
FMINCON_49,103,0.1,0.05,0.2703256375585259
FMINCON_49,103,0.2,0.1,0.19449481021280954
FMINCON_49,107,0.0,0.0,0.3561566108998039
FMINCON_49,107,0.05,0.02,0.3172870478052902
FMINCON_49,107,0.1,0.05,0.2703257835543433
FMINCON_49,107,0.2,0.1,0.1944949562088825
FMINCON_49,109,0.0,0.0,0.35615628542213346
FMINCON_49,109,0.05,0.02,0.3172867223274453
FMINCON_49,109,0.1,0.05,0.27032545807631153
FMINCON_49,109,0.2,0.1,0.19449463073048975
FMINCON_49,113,0.0,0.0,0.35615664874547226
FMINCON_49,113,0.05,0.02,0.31728708565081853
FMINCON_49,113,0.1,0.05,0.2703258213997174
FMINCON_49,113,0.2,0.1,0.19449499405396253
FMINCON_100,2,0.0,0.0,0.3571529138303708
FMINCON_100,2,0.05,0.02,0.31828335073585406
FMINCON_100,2,0.1,0.05,0.27132208648488887
FMINCON_100,2,0.2,0.1,0.19549125913940665
FMINCON_100,3,0.0,0.0,0.35715303840945933
FMINCON_100,3,0.05,0.02,0.31828347531489515
FMINCON_100,3,0.1,0.05,0.27132221106388354
FMINCON_100,3,0.2,0.1,0.19549138371830752
FMINCON_100,5,0.0,0.0,0.3571529509400607
FMINCON_100,5,0.05,0.02,0.31828338811973833
FMINCON_100,5,0.1,0.05,0.27132212414296825
FMINCON_100,5,0.2,0.1,0.19549129734587595
FMINCON_100,7,0.0,0.0,0.3571529257924865
FMINCON_100,7,0.05,0.02,0.3182833626978653
FMINCON_100,7,0.1,0.05,0.2713220984467971
FMINCON_100,7,0.2,0.1,0.1954912711011078
FMINCON_100,11,0.0,0.0,0.3571529751465567
FMINCON_100,11,0.05,0.02,0.3182834120518942
FMINCON_100,11,0.1,0.05,0.2713221478007852
FMINCON_100,11,0.2,0.1,0.1954913204550134
FMINCON_100,13,0.0,0.0,0.35715100784666803
FMINCON_100,13,0.05,0.02,0.3182817726547462
FMINCON_100,13,0.1,0.05,0.27132083630646864
FMINCON_100,13,0.2,0.1,0.19549066476626945
FMINCON_100,17,0.0,0.0,0.3571529444909181
FMINCON_100,17,0.05,0.02,0.31828338246567844
FMINCON_100,17,0.1,0.05,0.271322119283992
FMINCON_100,17,0.2,0.1,0.19549129407706556
FMINCON_100,19,0.0,0.0,0.35715287763135084
FMINCON_100,19,0.05,0.02,0.3182833145365685
FMINCON_100,19,0.1,0.05,0.27132205028533934
FMINCON_100,19,0.2,0.1,0.19549122293932739
FMINCON_100,23,0.0,0.0,0.3571529158814924
FMINCON_100,23,0.05,0.02,0.3182833527868904
FMINCON_100,23,0.1,0.05,0.2713220885358408
FMINCON_100,23,0.2,0.1,0.19549126119018911
FMINCON_100,29,0.0,0.0,0.3571529220363942
FMINCON_100,29,0.05,0.02,0.31828335894173654
FMINCON_100,29,0.1,0.05,0.27132209469063157
FMINCON_100,29,0.2,0.1,0.19549126734486894
FMINCON_100,31,0.0,0.0,0.3571528685332935
FMINCON_100,31,0.05,0.02,0.31828330543855315
FMINCON_100,31,0.1,0.05,0.27132204118736564
FMINCON_100,31,0.2,0.1,0.19549121384143794
FMINCON_100,37,0.0,0.0,0.35715302054411413
FMINCON_100,37,0.05,0.02,0.3182834574494515
FMINCON_100,37,0.1,0.05,0.2713221931983414
FMINCON_100,37,0.2,0.1,0.1954913658525688
FMINCON_100,41,0.0,0.0,0.3571529123520854
FMINCON_100,41,0.05,0.02,0.31828334925730556
FMINCON_100,41,0.1,0.05,0.2713220850060787
FMINCON_100,41,0.2,0.1,0.1954912576600714
FMINCON_100,43,0.0,0.0,0.3571528570818245
FMINCON_100,43,0.05,0.02,0.31828329398704863
FMINCON_100,43,0.1,0.05,0.2713220297358258
FMINCON_100,43,0.2,0.1,0.19549120238982678
FMINCON_100,47,0.0,0.0,0.35715287173220717
FMINCON_100,47,0.05,0.02,0.3182833086375503
FMINCON_100,47,0.1,0.05,0.27132204438644636
FMINCON_100,47,0.2,0.1,0.1954912170406851
FMINCON_100,53,0.0,0.0,0.35715275844242816
FMINCON_100,53,0.05,0.02,0.31828319534771793
FMINCON_100,53,0.1,0.05,0.27132193109655994
FMINCON_100,53,0.2,0.1,0.19549110375069176
FMINCON_100,59,0.0,0.0,0.3571528469477076
FMINCON_100,59,0.05,0.02,0.318283283853097
FMINCON_100,59,0.1,0.05,0.2713220196020378
FMINCON_100,59,0.2,0.1,0.19549119225636813
FMINCON_100,61,0.0,0.0,0.35715291530455895
FMINCON_100,61,0.05,0.02,0.31828335220989856
FMINCON_100,61,0.1,0.05,0.2713220879587894
FMINCON_100,61,0.2,0.1,0.1954912606130198
FMINCON_100,67,0.0,0.0,0.3571528511244389
FMINCON_100,67,0.05,0.02,0.3182832880319556
FMINCON_100,67,0.1,0.05,0.2713220237841146
FMINCON_100,67,0.2,0.1,0.1954911964437902
FMINCON_100,71,0.0,0.0,0.35715299784134225
FMINCON_100,71,0.05,0.02,0.31828343474663645
FMINCON_100,71,0.1,0.05,0.2713221704954829
FMINCON_100,71,0.2,0.1,0.1954913431496234
FMINCON_100,73,0.0,0.0,0.3571529789566818
FMINCON_100,73,0.05,0.02,0.3182834158741116
FMINCON_100,73,0.1,0.05,0.2713221516350949
FMINCON_100,73,0.2,0.1,0.19549132431350724
FMINCON_100,79,0.0,0.0,0.35715205441743214
FMINCON_100,79,0.05,0.02,0.3182824913228896
FMINCON_100,79,0.1,0.05,0.27132122707190026
FMINCON_100,79,0.2,0.1,0.19549039972636825
FMINCON_100,83,0.0,0.0,0.35715298329397166
FMINCON_100,83,0.05,0.02,0.3182834201992853
FMINCON_100,83,0.1,0.05,0.27132215594815207
FMINCON_100,83,0.2,0.1,0.19549132860233262
FMINCON_100,89,0.0,0.0,0.35715291632627755
FMINCON_100,89,0.05,0.02,0.31828335323251616
FMINCON_100,89,0.1,0.05,0.27132208898230764
FMINCON_100,89,0.2,0.1,0.1954912616383377
FMINCON_100,97,0.0,0.0,0.3571509055779968
FMINCON_100,97,0.05,0.02,0.3182816702022803
FMINCON_100,97,0.1,0.05,0.27132073367011633
FMINCON_100,97,0.2,0.1,0.195490561762236
FMINCON_100,101,0.0,0.0,0.3571528829065362
FMINCON_100,101,0.05,0.02,0.3182833198140404
FMINCON_100,101,0.1,0.05,0.27132205556618066
FMINCON_100,101,0.2,0.1,0.1954912282258251
FMINCON_100,103,0.0,0.0,0.3571529019625018
FMINCON_100,103,0.05,0.02,0.3182833388678619
FMINCON_100,103,0.1,0.05,0.2713220746167744
FMINCON_100,103,0.2,0.1,0.19549124727104716
FMINCON_100,107,0.0,0.0,0.3571529714800905
FMINCON_100,107,0.05,0.02,0.31828340838554936
FMINCON_100,107,0.1,0.05,0.2713221441345612
FMINCON_100,107,0.2,0.1,0.19549131678903195
FMINCON_100,109,0.0,0.0,0.35715298095410186
FMINCON_100,109,0.05,0.02,0.3182834178594104
FMINCON_100,109,0.1,0.05,0.27132215360827144
FMINCON_100,109,0.2,0.1,0.1954913262624412
FMINCON_100,113,0.0,0.0,0.35715292857296294
FMINCON_100,113,0.05,0.02,0.3182833654783103
FMINCON_100,113,0.1,0.05,0.2713221012272105
FMINCON_100,113,0.2,0.1,0.19549127388145754
