algorithm,seed,HV,Spacing,n_non_dominated,time_seconds,n_function_evaluations,n_feasible_evaluations,n_infeasible_evaluations,IGD_plus,Epsilon
NSGA2,2,0.3572124577876335,0.005187526161094006,100,207.41360549995443,10000,5729,4271,0.0005002455863277539,0.004066192730013546
NSGA2,3,0.35722747574199115,0.004931804415458406,100,210.50910369999474,10000,5703,4297,0.0005350154851401014,0.002938054786883748
NSGA2,5,0.35702101272816655,0.005318058605810457,100,212.36762669996824,10000,5750,4250,0.0005212241731853426,0.003378396745579826
NSGA2,7,0.3571535131691041,0.005113049005430193,100,225.9398217999842,10000,5755,4245,0.0005926544145505087,0.004012034543862092
NSGA2,11,0.35720795514440756,0.004673921036023819,100,225.13388709997525,10000,5884,4116,0.0006555082650250344,0.007459549328239445
NSGA2,13,0.3571919831818858,0.0042998975538121,100,219.3105994000216,10000,5802,4198,0.0006814010561810675,0.0036112541222607097
NSGA2,17,0.3571774330469139,0.005791251184283839,100,218.6912786999601,10000,5736,4264,0.00045603404111247634,0.003098685469263396
NSGA2,19,0.35720260227544404,0.004952419868790013,100,215.8280947000021,10000,5793,4207,0.0006120801245887366,0.0037874118184790806
NSGA2,23,0.35695746361147435,0.004620192462413175,100,213.09934359998442,10000,5713,4287,0.0009053880029339507,0.009866248424848845
NSGA2,29,0.3571383103672754,0.005285984387162154,100,211.16371469997102,10000,5803,4197,0.0006761270548306338,0.0036831216537440425
NSGA2,31,0.3571074977970953,0.00477300910129224,100,218.9499444999965,10000,5836,4164,0.000608019632290238,0.0033804658806584342
NSGA2,37,0.35717835529051584,0.005171445120289093,100,241.73624260001816,10000,5754,4246,0.00047856094130841636,0.003072481774353153
NSGA2,41,0.357200930036424,0.0052482005130448425,100,213.3698701999965,10000,5797,4203,0.0005471335446680004,0.004188553545768636
NSGA2,43,0.35692680332637183,0.004703181733533439,100,213.28748519998044,10000,5887,4113,0.0006420484828853801,0.0030125082750754317
NSGA2,47,0.35604160875146534,0.004797398543367364,100,212.67133690003539,10000,5864,4136,0.001960348823673189,0.004286847074771671
NSGA2,53,0.35637040249851676,0.004144358604817266,100,226.7736057000002,10000,5942,4058,0.002998176565196996,0.003314549840812475
NSGA2,59,0.3565522060313003,0.004755643507794194,100,219.14694810000947,10000,5767,4233,0.0006569461831281773,0.0035932929280605153
NSGA2,61,0.35646623988773757,0.00497838560826531,100,219.31906329997582,10000,5832,4168,0.0007345090475907899,0.0038260864416224116
NSGA2,67,0.357041438563362,0.004479963959993134,100,230.49491329997545,10000,5938,4062,0.0008297515255180743,0.004329517440635422
NSGA2,71,0.35484621043418213,0.005093897732218059,100,214.67404850001913,10000,5827,4173,0.0014060366934245375,0.011443016034035525
NSGA2,73,0.35725748287358045,0.004848248399624754,100,208.81903040001635,10000,5641,4359,0.0004995474639858202,0.0035839590042751057
NSGA2,79,0.35689923917623223,0.00971731026265246,100,213.5302246999927,10000,5976,4024,0.0005257297754130764,0.0032889224273923434
NSGA2,83,0.3572516559615825,0.006254949212601363,100,212.7486843999941,10000,5740,4260,0.0005095602228099932,0.0034026551154211493
NSGA2,89,0.35690067920581475,0.003965027411178543,100,214.74484990001656,10000,5908,4092,0.0009927819020825103,0.0036224826447601444
NSGA2,97,0.35574423367969515,0.0053464363911729035,100,223.3420718999696,10000,5958,4042,0.0011192156215285264,0.006937314357160718
NSGA2,101,0.357196380189602,0.004979913842291251,100,221.18495350005105,10000,5812,4188,0.0005694155922803636,0.006615199028144447
NSGA2,103,0.3561536808963411,0.004660185267479732,100,210.28715250000823,10000,5992,4008,0.0010927034036932444,0.004664596935619381
NSGA2,107,0.3571871956340809,0.005492446039907119,100,207.07033539999975,10000,5742,4258,0.00046977072583124265,0.002928603462602597
NSGA2,109,0.3570867749667394,0.00526047865585928,100,206.8828592999489,10000,5790,4210,0.00048543722636249393,0.0032723105044064615
NSGA2,113,0.3571127171514933,0.005166854074281931,100,208.40310289995978,10000,5835,4165,0.0006236323949578605,0.006505442909807924
MOEAD_TCH,2,0.3536607735375087,0.0069143777204296,100,229.526093100023,10000,8353,1647,0.00818994038294849,0.007167183811704891
MOEAD_TCH,3,0.3517009821796066,0.004730604501227363,100,227.78460649994668,10000,8486,1514,0.016301111304821144,0.011391552721906562
MOEAD_TCH,5,0.3421021285462933,0.010938074344477173,100,239.2713236999698,10000,8642,1358,0.00881898238398053,0.04837609992170466
MOEAD_TCH,7,0.35568182582053576,0.006018149278069154,100,227.57598229998257,10000,8393,1607,0.005336186665400334,0.0041677081597613075
MOEAD_TCH,11,0.3497807385170697,0.00587197510951199,100,233.2660916999448,10000,8642,1358,0.0114539877955165,0.017039699213187598
MOEAD_TCH,13,0.3529882877699977,0.008524113408953113,100,232.28534110001056,10000,8363,1637,0.0041599391272471925,0.018206900960690664
MOEAD_TCH,17,0.3553739234350137,0.007282969608255921,100,225.57066869997652,10000,8352,1648,0.0050415598060088275,0.008990260469357247
MOEAD_TCH,19,0.35552269097264916,0.012443526043818624,100,223.2537620999501,10000,8337,1663,0.0008625568959946357,0.02056066055729014
MOEAD_TCH,23,0.3464466636601307,0.00868578214782007,100,233.4650936999824,10000,8601,1399,0.008381344413718635,0.027415994384795805
MOEAD_TCH,29,0.34471610400568675,0.006122084424317303,100,227.79148620000342,10000,8548,1452,0.010780040114115435,0.04384157378266851
MOEAD_TCH,31,0.34627468580315224,0.010083825136203138,100,229.01708790002158,10000,8537,1463,0.004634788043853428,0.02929361504074124
MOEAD_TCH,37,0.3431147572861821,0.004002900941684898,99,220.30314249999356,10000,8828,1172,0.02186875876025883,0.033579055830561755
MOEAD_TCH,41,0.3374839205624848,0.0048678140066305406,100,219.59265030000824,10000,8731,1269,0.01767196591969776,0.069377696920782
MOEAD_TCH,43,0.34502705822533825,0.005708527470033095,100,223.17857539997203,10000,8625,1375,0.010803198308102707,0.042084433235481944
MOEAD_TCH,47,0.3446694122801325,0.007022840808729782,100,220.40988470002776,10000,8600,1400,0.00851705836116478,0.04753410171485051
MOEAD_TCH,53,0.3488755408735721,0.00669540776300092,99,220.00287169998046,10000,8537,1463,0.008677398495559237,0.0297221829216745
MOEAD_TCH,59,0.3533440999560943,0.009431013406293945,100,220.71189420000883,10000,8483,1517,0.0028474483747697858,0.011750982047879083
MOEAD_TCH,61,0.35240252324352944,0.008619767513181418,99,224.73661960003665,10000,8407,1593,0.004690854545580557,0.015173657029485588
MOEAD_TCH,67,0.3436202218223384,0.004730463164954407,100,217.14656189997913,10000,8569,1431,0.01965902137474317,0.035550816303932864
MOEAD_TCH,71,0.35290007985690935,0.009005312268657287,100,231.54462729999796,10000,8416,1584,0.0038935213181693555,0.008574142691895492
MOEAD_TCH,73,0.3402433944491782,0.0072670088833609444,100,222.16580389998853,10000,8576,1424,0.008419467939764063,0.06394544748773234
MOEAD_TCH,79,0.3471452835917001,0.0062920709256281395,100,237.05499470001087,10000,8672,1328,0.011419069457170125,0.027697964246803153
MOEAD_TCH,83,0.3467258239518349,0.009668484524842117,100,227.879290700017,10000,8594,1406,0.005887694323593541,0.03607432024609447
MOEAD_TCH,89,0.35287070033787366,0.01065984300671306,99,254.19133439997677,10000,8584,1416,0.009399294749293048,0.01005861450648271
MOEAD_TCH,97,0.34477420841065387,0.010257024471498375,100,245.25673870003084,10000,8607,1393,0.0062875335194186,0.037441071210653876
MOEAD_TCH,101,0.3452853590654859,0.023626953931035775,96,228.92766130005475,10000,8558,1442,0.004650643427409992,0.04293466920693234
MOEAD_TCH,103,0.3528005473255731,0.005471294838699222,100,230.46163299999898,10000,8385,1615,0.011324151840266068,0.020098592054339698
MOEAD_TCH,107,0.3534004203325808,0.005930762699737422,100,221.22994829999516,10000,8325,1675,0.0055037047386777786,0.010264247300602936
MOEAD_TCH,109,0.3519281449995166,0.010925666522075366,100,222.58776219998254,10000,8351,1649,0.0033632922738746863,0.01969253680601768
MOEAD_TCH,113,0.3513846080868847,0.008282650025719525,100,223.44443269999465,10000,8586,1414,0.010233453374878148,0.011441365865146769
MOEAD_PBI,2,0.35131634959104735,0.014538499804693692,67,225.84781049995217,10000,7781,2219,0.00180997772339159,0.018301987576441636
MOEAD_PBI,3,0.34819831054813094,0.008136742629529245,78,223.5101123000495,10000,7912,2088,0.014606589048558551,0.014447006873698154
MOEAD_PBI,5,0.34700070363705204,0.007988025365650707,64,236.56765939999605,10000,8041,1959,0.017127097294574813,0.02148602229367569
MOEAD_PBI,7,0.3491467210206519,0.00874214722863478,67,240.2631745999679,10000,8010,1990,0.02068072988771949,0.014131919448982289
MOEAD_PBI,11,0.3463244804045941,0.009115707084559471,67,231.92095770000014,10000,7996,2004,0.013095046386768868,0.029818803984675624
MOEAD_PBI,13,0.34954776214575867,0.007129352602924704,78,243.12173239997355,10000,7785,2215,0.01297363632486473,0.015621047574656544
MOEAD_PBI,17,0.3476535877923143,0.00841268331523002,74,244.31880169996293,10000,8019,1981,0.012276109841358544,0.025310703784961586
MOEAD_PBI,19,0.3497381580978568,0.0063046440690873295,74,243.31953470001463,10000,7920,2080,0.018238988975268607,0.012690510139515554
MOEAD_PBI,23,0.3519041720234058,0.009153913198853123,73,235.70737110002665,10000,7908,2092,0.00967563932858425,0.011646352799634108
MOEAD_PBI,29,0.34493720163023955,0.009217557528122552,70,238.0201019999804,10000,7989,2011,0.01012476071919028,0.04208074193835998
MOEAD_PBI,31,0.3474279946540688,0.008989606459523146,76,236.32977429998573,10000,7979,2021,0.011956810443959862,0.02806683391483622
MOEAD_PBI,37,0.3408037342554129,0.007780244701680056,73,233.57795900001656,10000,8048,1952,0.0224669186366439,0.04212298095007316
MOEAD_PBI,41,0.346046454436888,0.017945470149796115,62,235.25494279997656,10000,8075,1925,0.004860860456711592,0.03911099242978766
MOEAD_PBI,43,0.3531339530960668,0.010341478301631344,68,234.05098489997908,10000,7722,2278,0.008587537307812101,0.011615886299531003
MOEAD_PBI,47,0.35008548476924123,0.009176209955568008,70,235.11047349998262,10000,7886,2114,0.01667807373490884,0.025101995597352822
MOEAD_PBI,53,0.35024822120423127,0.012121897860092462,64,237.56996599998092,10000,7912,2088,0.01204925821683075,0.017286006948788735
MOEAD_PBI,59,0.3508107856263359,0.010476666534411452,76,236.1436609000084,10000,7865,2135,0.0054011101477158,0.0167852812214071
MOEAD_PBI,61,0.3486107107961394,0.02207925348611492,63,235.22127739997813,10000,7804,2196,0.0030995788458575858,0.030865142033261295
MOEAD_PBI,67,0.3471589843724318,0.007761091453902101,72,238.18268839997472,10000,7974,2026,0.014704486042471274,0.0252595309825987
MOEAD_PBI,71,0.34750865047497337,0.018016746841877457,79,235.14014979999047,10000,7924,2076,0.003712012222483403,0.029279139931007503
MOEAD_PBI,73,0.3389578165042326,0.006384288118464597,81,235.62024969997583,10000,8023,1977,0.017530144869108085,0.06282901394399731
MOEAD_PBI,79,0.34151749564727624,0.008336047700283612,79,232.3720103999949,10000,7923,2077,0.018050748085991414,0.03624324319847183
MOEAD_PBI,83,0.3514445702504421,0.009409653336255803,79,234.00969229999464,10000,7693,2307,0.009267066913886162,0.022382178842114353
MOEAD_PBI,89,0.3533685348150793,0.014955813388493125,71,236.66415450000204,10000,7924,2076,0.002345504011501353,0.010907293205938084
MOEAD_PBI,97,0.35401370753003264,0.012986673407879002,73,235.08556300000055,10000,7668,2332,0.003577912999710133,0.011325569055503443
MOEAD_PBI,101,0.34758978693228815,0.006984061056091125,71,233.86035149998497,10000,7849,2151,0.016178129369046088,0.020723392449051303
MOEAD_PBI,103,0.34387403717919207,0.008967051405905433,72,236.30015030002687,10000,8017,1983,0.009399302980874989,0.0471843495917057
MOEAD_PBI,107,0.35089581036597417,0.008169005198512496,73,232.40205909998622,10000,7695,2305,0.008568999531066157,0.019594546756709685
MOEAD_PBI,109,0.3494467200638166,0.007720443284554778,75,235.6967791999923,10000,7826,2174,0.010545784375773935,0.02062036035539605
MOEAD_PBI,113,0.35125650843453715,0.016624673577660256,67,236.59560060000513,10000,7958,2042,0.00679043948964851,0.011819714578134466
MOEAD_WS,2,0.3504412703803805,0.032167431737219046,94,222.614525699988,10000,7769,2231,0.005783431780983806,0.03280221887817886
MOEAD_WS,3,0.34828557821724854,0.033256935133718864,96,223.24383549997583,10000,7884,2116,0.008569170149645824,0.04479364165793087
MOEAD_WS,5,0.34972022160969857,0.03155919303928696,100,221.17099589999998,10000,7788,2212,0.006466765313214544,0.03515368285013909
MOEAD_WS,7,0.34755734905881175,0.03457511343509507,100,220.79740840004524,10000,7789,2211,0.0082833277362036,0.04140094012601636
MOEAD_WS,11,0.3511154611946445,0.02879147305271613,94,227.53336190001573,10000,7867,2133,0.006506401537879589,0.02899153248950337
MOEAD_WS,13,0.3508054550246875,0.03016494165703577,100,224.24021840002388,10000,7854,2146,0.005787699210966526,0.02687675129179501
MOEAD_WS,17,0.3511249774467221,0.029501417293438345,100,224.12633860000642,10000,7776,2224,0.005490891447889406,0.029121319367393816
MOEAD_WS,19,0.35009137501305193,0.03209938229568631,100,223.94109340000432,10000,7856,2144,0.00640090983710142,0.029999128412422138
MOEAD_WS,23,0.3524957982988987,0.024988983865054923,99,222.85503139998764,10000,7810,2190,0.005221203959899014,0.02804589550753467
MOEAD_WS,29,0.35147899789109677,0.027816842925317404,92,222.59396969998488,10000,7767,2233,0.006151777348284634,0.03505811928873315
MOEAD_WS,31,0.3521170212115843,0.024660410785931813,100,225.42976450000424,10000,7813,2187,0.0047115479567963236,0.02187835132381516
MOEAD_WS,37,0.3496476154577417,0.03200563937893604,100,223.09354630002053,10000,7846,2154,0.00666381265311641,0.030278822160139218
MOEAD_WS,41,0.3507518394640311,0.03278029098305629,92,222.1520394999534,10000,7700,2300,0.005515021708882568,0.031577840123253265
MOEAD_WS,43,0.3512304828565984,0.029289895740809088,100,223.30992610001704,10000,7731,2269,0.0058943255853993745,0.02768244076716514
MOEAD_WS,47,0.34239351597645934,0.04156581347783692,98,219.16127969999798,10000,7830,2170,0.011887950246652861,0.05602620187794333
MOEAD_WS,53,0.3512449562144955,0.027253903540794728,95,224.88669449998997,10000,7783,2217,0.006381238992768875,0.031407490092115686
MOEAD_WS,59,0.34982906239388933,0.03083788859989129,100,224.0510904000257,10000,7777,2223,0.0070534180347001105,0.025934280710872504
MOEAD_WS,61,0.3517207717109219,0.026408839162649415,100,221.10381409997353,10000,7839,2161,0.004911073842684729,0.028825530823877454
MOEAD_WS,67,0.35212401405244215,0.025309572851723524,98,222.8797167999437,10000,7765,2235,0.00571399976892589,0.022530204247100283
MOEAD_WS,71,0.34988302361418155,0.02983797648124264,100,224.3356153999921,10000,7795,2205,0.0076437858921818095,0.030049555650684456
MOEAD_WS,73,0.3517323660307613,0.027875335626814803,100,223.13420299999416,10000,7732,2268,0.005319610054353991,0.024170525037050306
MOEAD_WS,79,0.352474525116821,0.02706317359711522,95,223.95368999999482,10000,7850,2150,0.004704319672613307,0.02159444248122222
MOEAD_WS,83,0.3493541034453251,0.03292586300369408,97,222.50561450002715,10000,7752,2248,0.006942490401312163,0.03538372975035314
MOEAD_WS,89,0.3527999636275446,0.02241225641434989,95,222.29020670003956,10000,7779,2221,0.005501758254862394,0.025372326554289615
MOEAD_WS,97,0.347218189616849,0.03543673726797039,88,225.33103729999857,10000,7848,2152,0.007835425647827259,0.03146253248856057
MOEAD_WS,101,0.3516559775130322,0.027318070227560446,100,223.2784907000023,10000,7832,2168,0.0056708655060507965,0.031043262312163034
MOEAD_WS,103,0.35146870408611725,0.028353750373774887,98,223.27619599999161,10000,7788,2212,0.005663714549553794,0.027595866266463487
MOEAD_WS,107,0.3462059864731803,0.03699198798814132,100,221.44927569996798,10000,7745,2255,0.008971774982295953,0.04686110191115217
MOEAD_WS,109,0.3513382951246023,0.02798350115358795,100,223.16410609998275,10000,7708,2292,0.005697978016458198,0.02916802089316123
MOEAD_WS,113,0.3527925234316656,0.022893426478869324,100,224.31472080003005,10000,7851,2149,0.005525755356625616,0.026965466349881784
MOEAD_ASF,2,0.3516812249185462,0.011651196383136466,100,230.48724750004476,10000,7483,2517,0.00264907714876683,0.02127123013289478
MOEAD_ASF,3,0.3536605665509256,0.010506818427738745,99,227.54642600001534,10000,7456,2544,0.006302599299804167,0.006595616821958417
MOEAD_ASF,5,0.3487305260581103,0.009449642635604306,100,229.81232610001462,10000,7623,2377,0.00870541374761078,0.024234989078032898
MOEAD_ASF,7,0.35482637614056206,0.011364999982906703,100,229.66057549999095,10000,7340,2660,0.0013113727979759187,0.008029330595266115
MOEAD_ASF,11,0.34946167672080714,0.013687765287086227,96,227.6062426000135,10000,7540,2460,0.00382296443162266,0.03095239928305049
MOEAD_ASF,13,0.3539025264116228,0.008836534998170668,97,229.71802019997267,10000,7421,2579,0.008602888917980844,0.012981599758712659
MOEAD_ASF,17,0.3532476646368367,0.014126873299443928,96,227.51363479997963,10000,7283,2717,0.00169822964010266,0.011911605410556358
MOEAD_ASF,19,0.35423651934713746,0.008268279346599936,99,226.0903749000281,10000,7478,2522,0.008060488167808192,0.007205409896173937
MOEAD_ASF,23,0.3493340502889511,0.007197888135911,97,230.47412490000715,10000,7552,2448,0.012811060745332694,0.01909166313016386
MOEAD_ASF,29,0.3534816728922815,0.010578901021091056,98,226.2314117999631,10000,7430,2570,0.004866306834688876,0.009609448947322408
MOEAD_ASF,31,0.3528836884056763,0.008869474277419073,98,228.33021169999847,10000,7461,2539,0.006942090897765859,0.00855779635174092
MOEAD_ASF,37,0.35316773478456276,0.017076707985896188,99,227.06634329998633,10000,7440,2560,0.0020556324576165965,0.011558066861066196
MOEAD_ASF,41,0.3524539165049572,0.019041487603219432,100,228.59468159999233,10000,7450,2550,0.0018864593183421062,0.013172202251691578
MOEAD_ASF,43,0.35110281116067266,0.013858424903906253,98,226.58310270000948,10000,7459,2541,0.0029103407171596624,0.022666223185298096
MOEAD_ASF,47,0.3492585245022566,0.013467529520304038,100,227.86442569998326,10000,7442,2558,0.003133147155269255,0.0275872900534766
MOEAD_ASF,53,0.3500677877954759,0.014533481800665975,99,228.19736739998916,10000,7480,2520,0.0035564143167312015,0.028566264637669647
MOEAD_ASF,59,0.3551972830282565,0.013462456552942382,99,229.43141999997897,10000,7288,2712,0.001251332563336904,0.009183198275153126
MOEAD_ASF,61,0.35560725926781467,0.01380644998093431,99,227.6686442999635,10000,7356,2644,0.0018414300828671613,0.011164125238098455
MOEAD_ASF,67,0.35374988142313935,0.010313233907947033,96,227.0427869000123,10000,7377,2623,0.008482199614722656,0.013635135818226757
MOEAD_ASF,71,0.3506869658228002,0.01335762861840394,94,227.79335130000254,10000,7475,2525,0.007084455508542539,0.01843088377640245
MOEAD_ASF,73,0.342740938666312,0.011698667648864177,97,229.64732410002034,10000,7345,2655,0.006303939687191272,0.060451309379671914
MOEAD_ASF,79,0.35505087125945856,0.00906284265734096,100,227.62268249999033,10000,7428,2572,0.005935304134381344,0.006650681483997056
MOEAD_ASF,83,0.35503706836512716,0.0115247669566259,100,226.89568580000196,10000,7406,2594,0.0021107263821617825,0.012998698922201068
MOEAD_ASF,89,0.355178090534249,0.00821016818517469,99,229.6821428000112,10000,7392,2608,0.003698375764359705,0.007395256492740615
MOEAD_ASF,97,0.353312646621449,0.011062580564164998,100,229.712618199992,10000,7409,2591,0.004183954073411908,0.011436409768404765
MOEAD_ASF,101,0.354376356246059,0.014859692952238164,100,232.95516489999136,10000,7497,2503,0.0024086305384981702,0.00793241584155302
MOEAD_ASF,103,0.35244041417837746,0.010053302463951178,96,227.10042380000232,10000,7474,2526,0.003762350718935898,0.015685857747936627
MOEAD_ASF,107,0.34728001251385254,0.011847407393701274,97,229.40476689999923,10000,7436,2564,0.00763561470968138,0.037429873440224304
MOEAD_ASF,109,0.35489506363311507,0.011241321428514294,99,227.04207059997134,10000,7391,2609,0.003119659532950749,0.01277654260386818
MOEAD_ASF,113,0.3512022434766211,0.018823136262503516,100,229.93924610002432,10000,7400,2600,0.0023156491406258607,0.020446990540805787
MOEAD_AASF,2,0.34247544197493085,0.024315761754212194,88,228.46731789998012,10000,7173,2827,0.005866083505167408,0.05385473687507902
MOEAD_AASF,3,0.35277965502313846,0.01058069029015557,100,229.2622282000375,10000,7312,2688,0.007926923670973939,0.01870012842797711
MOEAD_AASF,5,0.3516707232859234,0.021692434992999787,93,239.20526590000372,10000,7334,2666,0.0035529191901636594,0.013834857114073396
MOEAD_AASF,7,0.3528970647140836,0.01690574181167906,95,229.5061810000334,10000,7290,2710,0.003967215922079954,0.01877489865860424
MOEAD_AASF,11,0.34484558397603143,0.015342316075022176,87,227.92987890000222,10000,7464,2536,0.00888528278517927,0.04523041129164618
MOEAD_AASF,13,0.35494282745980615,0.013456761212490011,94,215.33071260002907,10000,7350,2650,0.003863904341339215,0.009847638622719201
MOEAD_AASF,17,0.35367797492282754,0.014674406730710379,93,217.42531739996048,10000,7285,2715,0.0046897779738080915,0.021623256525287987
MOEAD_AASF,19,0.3497894179671561,0.024744586259445644,95,218.20194200001424,10000,7279,2721,0.0024031837209618377,0.01644825426282326
MOEAD_AASF,23,0.3516584908271085,0.014325179454332737,91,215.60437479999382,10000,7348,2652,0.009679149948258352,0.019761007801555847
MOEAD_AASF,29,0.34455538054367846,0.014255620455219104,96,219.50409359997138,10000,7487,2513,0.008140211039775032,0.048384019961910774
MOEAD_AASF,31,0.35342649848423024,0.015093052492941303,96,215.68754509999417,10000,7224,2776,0.0025667881714606772,0.012792935884172074
MOEAD_AASF,37,0.35342181117511856,0.012712583425031301,91,217.29007760004606,10000,7402,2598,0.006900221960137635,0.012738498692440148
MOEAD_AASF,41,0.35148716531947005,0.018714347131340868,96,214.79792869999073,10000,7208,2792,0.0026490297062449876,0.017880812933154466
MOEAD_AASF,43,0.3539212102538083,0.010600060919317313,97,215.88907350000227,10000,7328,2672,0.006670881162056404,0.026201207084546957
MOEAD_AASF,47,0.35332502780865904,0.016777675024899734,93,214.62645580002572,10000,7336,2664,0.003333386864848623,0.033781885298642095
MOEAD_AASF,53,0.35380260206710873,0.013832777713094484,96,215.78766420000466,10000,7334,2666,0.0047018122687555,0.015549832535231012
MOEAD_AASF,59,0.35573711927567453,0.015442558132611967,97,215.00029509997694,10000,7250,2750,0.002008313818209664,0.013528989617933806
MOEAD_AASF,61,0.35372116328836845,0.01833045271637451,99,215.78313670004718,10000,7251,2749,0.001389095899525623,0.027596838902611526
MOEAD_AASF,67,0.3500984542401015,0.014102457559074695,95,213.41119750001235,10000,7199,2801,0.0032576154990240688,0.03627967313788641
MOEAD_AASF,71,0.34861636819625713,0.019061118946875674,98,216.32209530001273,10000,7271,2729,0.003961564501686341,0.03168952363922406
MOEAD_AASF,73,0.35553554607033944,0.015634996914224562,98,215.6219297000207,10000,7186,2814,0.0019793120695128226,0.016136627395743952
MOEAD_AASF,79,0.3544469737114698,0.01269461347670504,95,217.1858972000191,10000,7307,2693,0.005663492662850409,0.010063880842676287
MOEAD_AASF,83,0.34865065084473723,0.015876966557389138,97,215.5230365000316,10000,7267,2733,0.004735924453560152,0.032390211877061814
MOEAD_AASF,89,0.35436952618867296,0.013981584783179124,96,216.83836829999927,10000,7347,2653,0.0032483561288189347,0.011942315489370525
MOEAD_AASF,97,0.34709219836221755,0.014429528515368138,99,215.03573490004055,10000,7221,2779,0.0060327616508851385,0.03871284848029011
MOEAD_AASF,101,0.35199704825362926,0.01083559370270744,98,215.43595920002554,10000,7299,2701,0.008214739545514833,0.008672518425800746
MOEAD_AASF,103,0.35129382117328845,0.014671810335439026,99,211.20603970001685,10000,7187,2813,0.003525168733271998,0.022598823543905633
MOEAD_AASF,107,0.35432905374914214,0.012342775052807092,98,214.9304356999928,10000,7196,2804,0.0038352832550352643,0.015861440613235106
MOEAD_AASF,109,0.3544263437655154,0.011473829309346427,95,212.8650581999682,10000,7236,2764,0.006279292124855869,0.009979124128351058
MOEAD_AASF,113,0.35522679752904796,0.01525381230336687,97,216.79580380005063,10000,7261,2739,0.0023376007506195414,0.013311171955106449
